novel,cohort,source_batch,graph_builder,graph_path,sha256,bytes,mtime_ns,nodes,edges,valid_edges,dangling_edges,self_loops,isolates_recomputed,isolate_rate_recomputed,edge_node_ratio
26,old20,legacy20_a,legacy-qwen2.5-7b-c4-pipeline,D:\desktop\coding\科研\novel-kg-studio\outputs\four_datasets\dqa_qwen_c\novels\26\graph.json,c3726c44d96656c0c5bcb94d5550a4b7c0307d73b76c8ac409576c46d953d484,233203,1786173710069732200,427,324,324,0,0,215,0.5035128805620609,0.7587822014051522
27,old20,legacy20_a,legacy-qwen2.5-7b-c4-pipeline,D:\desktop\coding\科研\novel-kg-studio\outputs\four_datasets\dqa_qwen_c\novels\27\graph.json,8a1129d3cda2734ee26380d03511d881d203806643a182a2d03f9727ee24318c,229837,1786176038996478800,394,361,361,0,0,159,0.4035532994923858,0.916243654822335
28,old20,legacy20_a,legacy-qwen2.5-7b-c4-pipeline,D:\desktop\coding\科研\novel-kg-studio\outputs\four_datasets\dqa_qwen_c\novels\28\graph.json,b9bdcddac0ed4920282bb10921bb3a387b7ab369447199d37fc1db7898334620,265561,1786178874695096400,412,439,439,0,0,167,0.4053398058252427,1.0655339805825244
30,old20,legacy20_a,legacy-qwen2.5-7b-c4-pipeline,D:\desktop\coding\科研\novel-kg-studio\outputs\four_datasets\dqa_qwen_c\novels\30\graph.json,1ef0895f6511976e7b07a120f6722e905865624b3de24763c552cced4e8b18c1,171176,1786180697223864200,312,222,222,0,0,138,0.4423076923076923,0.7115384615384616
31,old20,legacy20_a,legacy-qwen2.5-7b-c4-pipeline,D:\desktop\coding\科研\novel-kg-studio\outputs\four_datasets\dqa_qwen_c\novels\31\graph.json,eed05919fbd1ca43b40890d5380648a0a0c731e4987f57b552266196c98d6116,168153,1786182553790040800,290,258,258,0,1,107,0.3689655172413793,0.8896551724137931
33,old20,legacy20_a,legacy-qwen2.5-7b-c4-pipeline,D:\desktop\coding\科研\novel-kg-studio\outputs\four_datasets\dqa_qwen_c\novels\33\graph.json,07e531f3974bd71d8e697318a2431bcfbbeb9b82e5f8e1cb5bd887fc4eaed436,172684,1786184375036210700,296,264,264,0,0,109,0.36824324324324326,0.8918918918918919
40,old20,legacy20_a,legacy-qwen2.5-7b-c4-pipeline,D:\desktop\coding\科研\novel-kg-studio\outputs\four_datasets\dqa_qwen_c\novels\40\graph.json,d01ebbd770ccf7b0f0f271856c19a006fd54f42bc0af54911f417e5c83338930,275001,1786186589866728700,491,423,423,0,0,179,0.3645621181262729,0.8615071283095723
53,old20,legacy20_a,legacy-qwen2.5-7b-c4-pipeline,D:\desktop\coding\科研\novel-kg-studio\outputs\four_datasets\dqa_qwen_c\novels\53\graph.json,e4ce0a4be9f3dd6942f88001b1163681d9c94877122ed821a915578a946f0f2b,194865,1786188646794870900,346,282,282,0,0,143,0.41329479768786126,0.815028901734104
56,old20,legacy20_a,legacy-qwen2.5-7b-c4-pipeline,D:\desktop\coding\科研\novel-kg-studio\outputs\four_datasets\dqa_qwen_c\novels\56\graph.json,4902a3c316e740a0e84dadaa11e6a92290a6d967a443f34a9d79f13b67f40db7,138511,1786190630687281900,257,210,210,0,0,117,0.45525291828793774,0.8171206225680934
79,old20,legacy20_a,legacy-qwen2.5-7b-c4-pipeline,D:\desktop\coding\科研\novel-kg-studio\outputs\four_datasets\dqa_qwen_c\novels\79\graph.json,de8bf0dc435b5447ff638affc9aa9b73e882eceace7fa11ad359334ae6709c7a,311903,1786193129721986500,539,516,516,0,0,205,0.3803339517625232,0.9573283858998145
15,old20,legacy20_b,legacy-qwen2.5-7b-c4-pipeline,D:\desktop\coding\科研\novel-kg-studio\outputs\four_datasets\dqa_qwen_c_next10\novels\15\graph.json,0993a8c732dcb39bff895c98d9da97c038ad4f36e2bd84af5eb6d6784f5372af,380333,1786256318071558500,648,569,569,0,0,265,0.4089506172839506,0.8780864197530864
16,old20,legacy20_b,legacy-qwen2.5-7b-c4-pipeline,D:\desktop\coding\科研\novel-kg-studio\outputs\four_datasets\dqa_qwen_c_next10\novels\16\graph.json,0d02ea8dfae906504e44eb3b450e1d077b11d74fe7aedb866d430b33c757e0ed,313182,1786259677473631000,549,485,485,0,0,193,0.35154826958105645,0.8834244080145719
25,old20,legacy20_b,legacy-qwen2.5-7b-c4-pipeline,D:\desktop\coding\科研\novel-kg-studio\outputs\four_datasets\dqa_qwen_c_next10\novels\25\graph.json,1abeef2fef63fb3fa2a2a166ed7f400a4bd0e0d58e8c6f351d88e4538a04cee3,163360,1786262629416160900,267,280,280,0,0,120,0.449438202247191,1.048689138576779
29,old20,legacy20_b,legacy-qwen2.5-7b-c4-pipeline,D:\desktop\coding\科研\novel-kg-studio\outputs\four_datasets\dqa_qwen_c_next10\novels\29\graph.json,d197c7940a796503c785234d39e17ef2b6ac25389a7cb37ffd2dacbd1e0ed27f,229999,1786266360495332300,405,336,336,0,0,151,0.3728395061728395,0.8296296296296296
81,old20,legacy20_b,legacy-qwen2.5-7b-c4-pipeline,D:\desktop\coding\科研\novel-kg-studio\outputs\four_datasets\dqa_qwen_c_next10\novels\81\graph.json,cd81a0a5b5ba1a96da13b0f85da6bbc6c2f9451b0cb86e01f124dd98a31cab20,550199,1786272252437788500,889,979,979,0,0,306,0.344206974128234,1.1012373453318336
82,old20,legacy20_b,legacy-qwen2.5-7b-c4-pipeline,D:\desktop\coding\科研\novel-kg-studio\outputs\four_datasets\dqa_qwen_c_next10\novels\82\graph.json,b859b28b3d0e2293cd184cf15fabd6f06ebe7bbeb5beda00236658ea76600786,323092,1786275917033013300,538,550,550,0,3,195,0.362453531598513,1.0223048327137547
83,old20,legacy20_b,legacy-qwen2.5-7b-c4-pipeline,D:\desktop\coding\科研\novel-kg-studio\outputs\four_datasets\dqa_qwen_c_next10\novels\83\graph.json,0f2ac81cc4951c5f21c161c07eb207bf8e19d5398d0f565ff8d7b80be5082868,489295,1786366864572691400,920,716,716,0,0,399,0.43369565217391304,0.7782608695652173
84,old20,legacy20_b,legacy-qwen2.5-7b-c4-pipeline,D:\desktop\coding\科研\novel-kg-studio\outputs\four_datasets\dqa_qwen_c_next10\novels\84\graph.json,7df17eb0a8936393cf683cb96857b2784a38ab91222f8e687a409c4a026c93ae,263596,1786367755030747200,427,447,447,0,0,156,0.36533957845433257,1.0468384074941453
87,old20,legacy20_b,legacy-qwen2.5-7b-c4-pipeline,D:\desktop\coding\科研\novel-kg-studio\outputs\four_datasets\dqa_qwen_c_next10\novels\87\graph.json,4fd4fd03903b917ccd356efcd7ff0127617356c8762688a3a3be143d8d1eb5d6,565324,1786370145669801200,1071,826,826,0,0,482,0.450046685340803,0.7712418300653595
90,old20,legacy20_b,legacy-qwen2.5-7b-c4-pipeline,D:\desktop\coding\科研\novel-kg-studio\outputs\four_datasets\dqa_qwen_c_next10\novels\90\graph.json,02aeedf1a70dac7d267dbdf462ba5b117a256fd761d2994541e27ae3fb3f8415,411137,1786372215737834900,740,628,628,0,0,300,0.40540540540540543,0.8486486486486486
93,new10,pass2_v4_9b10,qwen3.5:9b-pass2-v4,D:\desktop\coding\科研\novel-kg-studio\outputs\four_datasets\dqa30_attention\batch03\novels\93\graph.json,f1078174b998a8c9612ff1872d3f3444f50941b726f2e6cbfb4a6ea8c79ca8d7,499021,1787388903924250800,718,910,910,0,8,40,0.055710306406685235,1.267409470752089
97,new10,pass2_v4_9b10,qwen3.5:9b-pass2-v4,D:\desktop\coding\科研\novel-kg-studio\outputs\four_datasets\dqa30_attention\batch03\novels\97\graph.json,53cd849aa96931882feb1414c35e7b25f652537dd0d6526a30f4ff04c7b7e246,475591,1787396269777686800,676,922,922,0,0,27,0.03994082840236687,1.363905325443787
99,new10,pass2_v4_9b10,qwen3.5:9b-pass2-v4,D:\desktop\coding\科研\novel-kg-studio\outputs\four_datasets\dqa30_attention\batch03\novels\99\graph.json,e5654af97a483b6c9085645c14e2e519890d862bbca125284146c55affb6da31,388470,1787402593242964100,570,759,759,0,0,32,0.056140350877192984,1.331578947368421
100,new10,pass2_v4_9b10,qwen3.5:9b-pass2-v4,D:\desktop\coding\科研\novel-kg-studio\outputs\four_datasets\dqa30_attention\batch03\novels\100\graph.json,334cc5620303bc2fa5cd1f6243eb7477d65fa2e701db42ccc55423f3336459e3,576269,1787412411036757400,826,1078,1078,0,0,35,0.0423728813559322,1.305084745762712
103,new10,pass2_v4_9b10,qwen3.5:9b-pass2-v4,D:\desktop\coding\科研\novel-kg-studio\outputs\four_datasets\dqa30_attention\batch03\novels\103\graph.json,9ad5560631ebe2b7fecbe2ae4134ef54c090b472605fca0117978ccf4338fa2d,293692,1787455830216622600,396,647,647,0,0,23,0.05808080808080808,1.6338383838383839
104,new10,pass2_v4_9b10,qwen3.5:9b-pass2-v4,D:\desktop\coding\科研\novel-kg-studio\outputs\four_datasets\dqa30_attention\batch03\novels\104\graph.json,31b7c5666cf8831426c2e1d3b7838a52edc44cf8cd4164f5c64dafab744a1700,312856,1787381273539884300,465,625,625,0,0,28,0.060215053763440864,1.3440860215053763
105,new10,pass2_v4_9b10,qwen3.5:9b-pass2-v4,D:\desktop\coding\科研\novel-kg-studio\outputs\four_datasets\dqa30_attention\batch03\novels\105\graph.json,bda1cb24b753cb6b96493d8feaac94abfc1d23b941d0c8acba620864345ee248,341203,1787473498982392800,425,786,786,0,0,28,0.06588235294117648,1.8494117647058823
106,new10,pass2_v4_9b10,qwen3.5:9b-pass2-v4,D:\desktop\coding\科研\novel-kg-studio\outputs\four_datasets\dqa30_attention\batch03\novels\106\graph.json,e216162d4f96815cca217c38d2e78d733c956dcb8c50ad7c38663cd767939d8a,289638,1787478504574422700,389,664,664,0,0,23,0.05912596401028278,1.7069408740359897
107,new10,pass2_v4_9b10,qwen3.5:9b-pass2-v4,D:\desktop\coding\科研\novel-kg-studio\outputs\four_datasets\dqa30_attention\batch03\novels\107\graph.json,fddceb857be5715c3808ed73a3f3a7f5a308e21ec7d2f7a76946074d551b0753,283752,1787484030244481800,409,603,603,0,0,30,0.07334963325183375,1.4743276283618583
108,new10,pass2_v4_9b10,qwen3.5:9b-pass2-v4,D:\desktop\coding\科研\novel-kg-studio\outputs\four_datasets\dqa30_attention\batch03\novels\108\graph.json,55651dd1cc5bd24862e64dcb4096efbb80b077baff5ca9a2862e71dd73802e86,265940,1787489679969693600,355,589,589,0,0,20,0.056338028169014086,1.6591549295774648
