novel,cohort,graph_builder,graph_sha256,nodes,simple_edges,gold_positions,gold_positions_covered,answer_positions,answer_positions_covered,gold_nodes,answer_nodes,core2,gold_core2,answer_core2,visual_dense,gold_visual_dense,answer_visual_dense,visual_gold_rate_by_seed
26,old20,legacy-qwen2.5-7b-c4-pipeline,c3726c44d96656c0c5bcb94d5550a4b7c0307d73b76c8ac409576c46d953d484,427,253,61,18,8,6,10,6,50,7,4,74,8,5,"[0.8, 0.8, 0.8, 0.8, 0.8]"
27,old20,legacy-qwen2.5-7b-c4-pipeline,8a1129d3cda2734ee26380d03511d881d203806643a182a2d03f9727ee24318c,394,294,82,12,10,3,5,3,87,2,2,91,2,2,"[0.4, 0.4, 0.4, 0.4, 0.4]"
28,old20,legacy-qwen2.5-7b-c4-pipeline,b9bdcddac0ed4920282bb10921bb3a387b7ab369447199d37fc1db7898334620,412,327,63,14,7,0,17,0,84,8,0,102,9,0,"[0.5294117647058824, 0.5294117647058824, 0.5294117647058824, 0.5294117647058824, 0.5294117647058824]"
30,old20,legacy-qwen2.5-7b-c4-pipeline,1ef0895f6511976e7b07a120f6722e905865624b3de24763c552cced4e8b18c1,312,187,43,9,9,3,10,1,55,4,0,60,4,0,"[0.4, 0.4, 0.4, 0.4, 0.4]"
31,old20,legacy-qwen2.5-7b-c4-pipeline,eed05919fbd1ca43b40890d5380648a0a0c731e4987f57b552266196c98d6116,290,210,61,0,8,0,0,0,61,0,0,70,0,0,"[null, null, null, null, null]"
33,old20,legacy-qwen2.5-7b-c4-pipeline,07e531f3974bd71d8e697318a2431bcfbbeb9b82e5f8e1cb5bd887fc4eaed436,296,227,39,10,6,2,6,2,60,2,2,76,4,2,"[0.6666666666666666, 0.6666666666666666, 0.6666666666666666, 0.6666666666666666, 0.6666666666666666]"
40,old20,legacy-qwen2.5-7b-c4-pipeline,d01ebbd770ccf7b0f0f271856c19a006fd54f42bc0af54911f417e5c83338930,491,342,64,5,8,1,4,1,78,1,1,105,1,1,"[0.25, 0.25, 0.25, 0.25, 0.25]"
53,old20,legacy-qwen2.5-7b-c4-pipeline,e4ce0a4be9f3dd6942f88001b1163681d9c94877122ed821a915578a946f0f2b,346,232,48,15,7,3,13,3,57,6,2,72,6,2,"[0.46153846153846156, 0.46153846153846156, 0.46153846153846156, 0.46153846153846156, 0.46153846153846156]"
56,old20,legacy-qwen2.5-7b-c4-pipeline,4902a3c316e740a0e84dadaa11e6a92290a6d967a443f34a9d79f13b67f40db7,257,164,55,3,10,0,1,0,43,1,0,58,1,0,"[1.0, 1.0, 1.0, 1.0, 1.0]"
79,old20,legacy-qwen2.5-7b-c4-pipeline,de8bf0dc435b5447ff638affc9aa9b73e882eceace7fa11ad359334ae6709c7a,539,373,46,3,10,1,2,1,100,2,1,122,2,1,"[1.0, 1.0, 1.0, 1.0, 1.0]"
15,old20,legacy-qwen2.5-7b-c4-pipeline,0993a8c732dcb39bff895c98d9da97c038ad4f36e2bd84af5eb6d6784f5372af,648,445,57,15,8,3,15,3,125,9,3,131,8,3,"[0.5333333333333333, 0.5333333333333333, 0.5333333333333333, 0.5333333333333333, 0.5333333333333333]"
16,old20,legacy-qwen2.5-7b-c4-pipeline,0d02ea8dfae906504e44eb3b450e1d077b11d74fe7aedb866d430b33c757e0ed,549,381,36,0,6,0,0,0,112,0,0,99,0,0,"[null, null, null, null, null]"
25,old20,legacy-qwen2.5-7b-c4-pipeline,1abeef2fef63fb3fa2a2a166ed7f400a4bd0e0d58e8c6f351d88e4538a04cee3,267,197,66,16,8,3,8,2,51,5,1,62,6,2,"[0.75, 0.75, 0.75, 0.75, 0.75]"
29,old20,legacy-qwen2.5-7b-c4-pipeline,d197c7940a796503c785234d39e17ef2b6ac25389a7cb37ffd2dacbd1e0ed27f,405,280,57,4,7,1,1,1,63,0,0,96,1,1,"[1.0, 1.0, 1.0, 1.0, 1.0]"
81,old20,legacy-qwen2.5-7b-c4-pipeline,cd81a0a5b5ba1a96da13b0f85da6bbc6c2f9451b0cb86e01f124dd98a31cab20,889,728,38,15,6,3,11,3,221,8,3,245,8,3,"[0.7272727272727273, 0.7272727272727273, 0.7272727272727273, 0.7272727272727273, 0.7272727272727273]"
82,old20,legacy-qwen2.5-7b-c4-pipeline,b859b28b3d0e2293cd184cf15fabd6f06ebe7bbeb5beda00236658ea76600786,538,406,50,11,9,2,6,1,117,1,1,114,1,1,"[0.16666666666666666, 0.16666666666666666, 0.16666666666666666, 0.16666666666666666, 0.16666666666666666]"
83,old20,legacy-qwen2.5-7b-c4-pipeline,0f2ac81cc4951c5f21c161c07eb207bf8e19d5398d0f565ff8d7b80be5082868,920,590,69,9,9,2,2,2,180,2,2,192,2,2,"[1.0, 1.0, 1.0, 1.0, 1.0]"
84,old20,legacy-qwen2.5-7b-c4-pipeline,7df17eb0a8936393cf683cb96857b2784a38ab91222f8e687a409c4a026c93ae,427,327,51,3,7,0,2,0,70,1,0,90,1,0,"[0.5, 0.5, 0.5, 0.5, 0.5]"
87,old20,legacy-qwen2.5-7b-c4-pipeline,4fd4fd03903b917ccd356efcd7ff0127617356c8762688a3a3be143d8d1eb5d6,1071,674,39,10,6,3,9,3,162,6,2,179,6,2,"[0.6666666666666666, 0.6666666666666666, 0.6666666666666666, 0.6666666666666666, 0.6666666666666666]"
90,old20,legacy-qwen2.5-7b-c4-pipeline,02aeedf1a70dac7d267dbdf462ba5b117a256fd761d2994541e27ae3fb3f8415,740,496,35,1,6,0,1,0,125,1,0,146,1,0,"[1.0, 1.0, 1.0, 1.0, 1.0]"
93,new10,qwen3.5:9b-pass2-v4,f1078174b998a8c9612ff1872d3f3444f50941b726f2e6cbfb4a6ea8c79ca8d7,718,779,56,47,7,7,109,18,269,50,7,256,54,8,"[0.4954128440366973, 0.48623853211009177, 0.5321100917431193, 0.47706422018348627, 0.5229357798165137]"
97,new10,qwen3.5:9b-pass2-v4,53cd849aa96931882feb1414c35e7b25f652537dd0d6526a30f4ff04c7b7e246,676,770,47,32,5,5,59,9,209,27,3,230,29,1,"[0.4915254237288136, 0.5254237288135594, 0.4576271186440678, 0.5423728813559322, 0.5423728813559322]"
99,new10,qwen3.5:9b-pass2-v4,e5654af97a483b6c9085645c14e2e519890d862bbca125284146c55affb6da31,570,668,42,33,6,5,58,9,195,32,7,204,33,7,"[0.5689655172413793, 0.5862068965517241, 0.603448275862069, 0.5862068965517241, 0.5862068965517241]"
100,new10,qwen3.5:9b-pass2-v4,334cc5620303bc2fa5cd1f6243eb7477d65fa2e701db42ccc55423f3336459e3,826,990,72,51,8,8,84,30,328,51,19,374,62,24,"[0.7380952380952381, 0.6547619047619048, 0.7142857142857143, 0.6666666666666666, 0.6547619047619048]"
103,new10,qwen3.5:9b-pass2-v4,9ad5560631ebe2b7fecbe2ae4134ef54c090b472605fca0117978ccf4338fa2d,396,539,32,22,5,5,47,24,140,30,18,169,34,18,"[0.723404255319149, 0.723404255319149, 0.723404255319149, 0.723404255319149, 0.723404255319149]"
104,new10,qwen3.5:9b-pass2-v4,31b7c5666cf8831426c2e1d3b7838a52edc44cf8cd4164f5c64dafab744a1700,465,542,46,33,8,7,80,27,171,40,13,199,47,16,"[0.5875, 0.5875, 0.5875, 0.5875, 0.5875]"
105,new10,qwen3.5:9b-pass2-v4,bda1cb24b753cb6b96493d8feaac94abfc1d23b941d0c8acba620864345ee248,425,627,52,36,7,7,76,47,164,45,26,180,47,28,"[0.618421052631579, 0.618421052631579, 0.618421052631579, 0.618421052631579, 0.618421052631579]"
106,new10,qwen3.5:9b-pass2-v4,e216162d4f96815cca217c38d2e78d733c956dcb8c50ad7c38663cd767939d8a,389,532,35,24,6,4,54,8,134,29,5,162,34,7,"[0.6296296296296297, 0.6296296296296297, 0.6296296296296297, 0.6296296296296297, 0.6296296296296297]"
107,new10,qwen3.5:9b-pass2-v4,fddceb857be5715c3808ed73a3f3a7f5a308e21ec7d2f7a76946074d551b0753,409,502,54,38,10,7,65,16,134,35,10,161,38,11,"[0.5846153846153846, 0.5846153846153846, 0.5846153846153846, 0.5846153846153846, 0.5846153846153846]"
108,new10,qwen3.5:9b-pass2-v4,55651dd1cc5bd24862e64dcb4096efbb80b077baff5ca9a2862e71dd73802e86,355,506,31,26,6,5,40,15,142,23,12,168,24,12,"[0.6, 0.6, 0.6, 0.6, 0.6]"
